{
    "x": [
        543.8999999999999,
        543.8999999999997,
        543.8999999999997,
        543.8999999999997,
        20.099985658102614,
        20.099985658102614
    ],
    "y": [
        311.68,
        256.68000000000023,
        85.32000000000008,
        30.320000000000025,
        206.9199971316206,
        135.0800028683795
    ],
    "selected_fixture": [
        1,
        1,
        1,
        1,
        1,
        1
    ],
    "fixture_type": [
        2,
        2,
        1,
        2,
        2,
        2
    ],
    "fixtures_center_x": [
        616.3999999999997,
        616.3999999999997,
        616.3999999999997,
        616.3999999999997,
        92.5999856581026,
        92.5999856581026
    ],
    "fixtures_center_y": [
        339.17999999999995,
        284.1800000000003,
        157.82000000000008,
        57.82000000000005,
        234.41999713162062,
        162.58000286837955
    ],
    "x_g": 479.2142819580743,
    "y_g": 195.67571428571438,
    "objective_value": 18.015320486802533
}