{
  "x": [
    543.999999,
    543.999999,
    20.00000099999988,
    20.00000099999954
  ],
  "y": [
    311.7099988000002,
    30.26000119999986,
    206.9099992,
    135.0600008000001
  ],
  "fixtures_center_x": [
    616.999999,
    616.999999,
    93.00000099999988,
    93.00000099999954
  ],
  "fixtures_center_y": [
    339.7099988000002,
    58.26000119999986,
    234.9099992,
    163.0600008000001
  ],
  "selected_fixture": [
    1,
    1,
    1,
    1
  ],
  "fixture_type": [
    2,
    2,
    2,
    2
  ],
  "x_g": 354.9999999999999,
  "y_g": 198.985,
  "objective_value": 1401.299992000001
}