{
    "x": [
        543.0,
        543.0,
        543.0,
        20.99999999999966,
        20.99999999999966
    ],
    "y": [
        310.51000000000005,
        86.45999999999933,
        31.45999999999998,
        206.10999999999996,
        135.86000000000007
    ],
    "selected_fixture": [
        1,
        1,
        1,
        1,
        1
    ],
    "fixture_type": [
        2,
        2,
        2,
        2,
        2
    ],
    "fixtures_center_x": [
        615.5,
        615.5,
        615.5,
        93.49999999999966,
        93.49999999999966
    ],
    "fixtures_center_y": [
        338.01000000000005,
        113.95999999999933,
        58.95999999999998,
        233.60999999999996,
        163.36000000000007
    ],
    "x_g": 406.6999999999999,
    "y_g": 181.5799999999999,
    "objective_value": 1669.7200000000012
}