{
    "x": [
        543.0,
        543.0,
        543.0,
        543.0,
        20.99999999999909,
        21.0
    ],
    "y": [
        86.45999999999998,
        310.51000000000005,
        255.51000000000005,
        31.459999999999695,
        206.10999999999984,
        135.86
    ],
    "selected_fixture": [
        1,
        1,
        1,
        1,
        1,
        1
    ],
    "fixture_type": [
        1,
        2,
        2,
        2,
        2,
        2
    ],
    "fixtures_center_x": [
        616.0,
        616.0,
        616.0,
        616.0,
        93.99999999999909,
        94.0
    ],
    "fixtures_center_y": [
        159.45999999999998,
        338.51000000000005,
        283.51000000000005,
        59.459999999999695,
        234.10999999999984,
        163.86
    ],
    "x_g": 479.28571428571416,
    "y_g": 196.40821428571422,
    "objective_value": 1790.7785714285728
}