{
  "x": [
    543.9999000000003,
    543.9999000000003,
    65.37549999999904,
    0.0
  ],
  "y": [
    221.7098800000001,
    30.26011999999991,
    125.9850000000002,
    0.0
  ],
  "y2": [
    366.7098800000001,
    175.2601199999999,
    270.9850000000002,
    0.0
  ],
  "y3": [
    366.7098800000001,
    175.2601199999999,
    270.9850000000002,
    0.0
  ],
  "y4": [
    221.7098800000001,
    30.26011999999991,
    125.9850000000002,
    0.0
  ],
  "fixtures_center_x": [
    616.9999000000003,
    616.9999000000003,
    138.375499999999,
    0.0
  ],
  "fixtures_center_y": [
    294.7098800000001,
    103.2601199999999,
    198.9850000000002,
    0.0
  ],
  "selected_fixture": [
    1,
    1,
    1,
    0
  ],
  "fixture_type": [
    1,
    1,
    1,
    0
  ],
  "x_g": 457.4584333333331,
  "y_g": 198.9850000000001,
  "objective_value": 37.75922904210641
}