{
    "x": [
        542.9999381603125,
        542.9999381603125,
        127.55756291873143
    ],
    "y": [
        220.50998763206252,
        32.190712980304795,
        126.59573073420347
    ],
    "selected_fixture": [
        1,
        1,
        1
    ],
    "fixture_type": [
        1,
        1,
        1
    ],
    "fixtures_center_x": [
        615.4999381603125,
        615.4999381603125,
        200.05756291873143
    ],
    "fixtures_center_y": [
        293.0099876320625,
        104.6907129803048,
        199.09573073420347
    ],
    "x_g": 477.01914641311873,
    "y_g": 198.93214378219034,
    "objective_value": 3013012704.5079837
}