{
    "x": [
        543.9000000000002,
        543.9000000000002,
        65.49999999999989
    ],
    "y": [
        221.68000000000063,
        30.319999999999435,
        126.0
    ],
    "selected_fixture": [
        1,
        1,
        1
    ],
    "fixture_type": [
        1,
        1,
        1
    ],
    "fixtures_center_x": [
        616.4000000000001,
        616.4000000000001,
        137.99999999999986
    ],
    "fixtures_center_y": [
        294.18000000000063,
        102.81999999999944,
        198.50000000000003
    ],
    "x_g": 456.93333333333345,
    "y_g": 198.50000000000006,
    "objective_value": 38.139251490874514
}