{
    "x": [
        543.0,
        543.0,
        543.0,
        21.0,
        21.0
    ],
    "y": [
        310.51000000000005,
        86.45999999999927,
        31.45999999999998,
        206.10999999999996,
        135.86
    ],
    "selected_fixture": [
        1,
        1,
        1,
        1,
        1
    ],
    "fixture_type": [
        2,
        2,
        2,
        2,
        2
    ],
    "fixtures_center_x": [
        615.5,
        615.5,
        615.5,
        93.5,
        93.5
    ],
    "fixtures_center_y": [
        338.01000000000005,
        113.95999999999927,
        58.95999999999998,
        233.60999999999996,
        163.36
    ],
    "x_g": 406.7,
    "y_g": 181.57999999999984,
    "objective_value": 1669.720000000001
}