{
    "x": [
        543.0,
        543.0,
        120.37499999999994,
        120.37499999999994,
        120.37499999999994
    ],
    "y": [
        220.51000000000005,
        31.45999999999958,
        225.985,
        170.985,
        115.98500000000001
    ],
    "selected_fixture": [
        1,
        1,
        1,
        1,
        1
    ],
    "fixture_type": [
        1,
        1,
        2,
        2,
        2
    ],
    "fixtures_center_x": [
        615.5,
        615.5,
        192.87499999999994,
        192.87499999999994,
        192.87499999999994
    ],
    "fixtures_center_y": [
        293.01000000000005,
        103.95999999999958,
        253.485,
        198.485,
        143.485
    ],
    "x_g": 462.2403846153845,
    "y_g": 198.4849999999999,
    "objective_value": 1413.6653846153854
}